[
	{"name":"København K-1050","value":"724700-6177100","id":null},
	{"name":"København K-1100","value":"724700-6177100","id":null},
	{"name":"København K-1200","value":"724300-6177300","id":null},
	{"name":"København K-1300","value":"723800-6177500","id":null},
	{"name":"København K-1400","value":"723500-6177900","id":null},
	{"name":"København V-1500","value":"724200-6175400","id":null},
	{"name":"København V-1600","value":"723300-6175600","id":null},
	{"name":"København V-1700","value":"722900-6175700","id":null},
	{"name":"Frederiksberg C-1800","value":"722600-6176100","id":null},
	{"name":"Frederiksberg C-1900","value":"722300-6176600","id":null},
	{"name":"Frederiksberg-2000","value":"720500-6177100","id":null},
	{"name":"København Ø-2100","value":"724000-6180000","id":null},
	{"name":"København N-2200","value":"722700-6178900","id":null},
	{"name":"København S-2300","value":"726200-6175000","id":null},
	{"name":"København NV-2400","value":"720800-6180100","id":null},
	{"name":"København SV-2450","value":"722000-6172900","id":null},
	{"name":"Valby-2500","value":"720100-6174400","id":null},
	{"name":"Glostrup-2600","value":"713200-6176600","id":null},
	{"name":"Brøndby-2605","value":"713800-6173100","id":null},
	{"name":"Rødovre-2610","value":"716600-6177700","id":null},
	{"name":"Albertslund-2620","value":"710300-6176000","id":null},
	{"name":"Vallensbæk-2625","value":"711200-6172100","id":null},
	{"name":"Taastrup-2630","value":"706000-6175100","id":null},
	{"name":"Ishøj-2635","value":"707800-6169300","id":null},
	{"name":"Hedehusene-2640","value":"700400-6172600","id":null},
	{"name":"Hvidovre-2650","value":"717700-6171200","id":null},
	{"name":"Brøndby Strand-2660","value":"714900-6169600","id":null},
	{"name":"Vallensbæk Strand-2665","value":"712900-6169400","id":null},
	{"name":"Greve-2670","value":"706600-6166200","id":null},
	{"name":"Solrød Strand-2680","value":"702500-6159400","id":null},
	{"name":"Karlslunde-2690","value":"703000-6163000","id":null},
	{"name":"Brønshøj-2700","value":"718600-6180100","id":null},
	{"name":"Vanløse-2720","value":"719000-6177400","id":null},
	{"name":"Herlev-2730","value":"715100-6182500","id":null},
	{"name":"Skovlunde-2740","value":"712500-6180600","id":null},
	{"name":"Ballerup-2750","value":"708200-6182200","id":null},
	{"name":"Måløv-2760","value":"705400-6187100","id":null},
	{"name":"Smørum-2765","value":"705500-6181900","id":null},
	{"name":"Kastrup-2770","value":"729400-6171400","id":null},
	{"name":"Dragør-2791","value":"726200-6165900","id":null},
	{"name":"Kongens Lyngby-2800","value":"720000-6188000","id":null},
	{"name":"Gentofte-2820","value":"721000-6184900","id":null},
	{"name":"Virum-2830","value":"716700-6188800","id":null},
	{"name":"Holte-2840","value":"717300-6192500","id":null},
	{"name":"Nærum-2850","value":"720700-6192300","id":null},
	{"name":"Søborg-2860","value":"719000-6183300","id":null},
	{"name":"Dyssegård-2870","value":"719000-6183300","id":null},
	{"name":"Bagsværd-2880","value":"715800-6186200","id":null},
	{"name":"Hellerup-2900","value":"723000-6183100","id":null},
	{"name":"Charlottenlund-2920","value":"723600-6185500","id":null},
	{"name":"Klampenborg-2930","value":"723000-6189400","id":null},
	{"name":"Skodsborg-2942","value":"722600-6193800","id":null},
	{"name":"Vedbæk-2950","value":"721100-6195500","id":null},
	{"name":"Rungsted Kyst-2960","value":"720700-6199400","id":null},
	{"name":"Hørsholm-2970","value":"716900-6198100","id":null},
	{"name":"Kokkedal-2980","value":"714900-6203200","id":null},
	{"name":"Nivå-2990","value":"718400-6205100","id":null},
	{"name":"Helsingør-3000","value":"720300-6216300","id":null},
	{"name":"Humlebæk-3050","value":"719200-6208100","id":null},
	{"name":"Espergærde-3060","value":"720700-6212000","id":null},
	{"name":"Snekkersten-3070","value":"723000-6213200","id":null},
	{"name":"Tikøb-3080","value":"713900-6214800","id":null},
	{"name":"Hornbæk-3100","value":"714300-6219600","id":null},
	{"name":"Dronningmølle-3120","value":"710000-6221500","id":null},
	{"name":"Ålsgårde-3140","value":"718600-6220000","id":null},
	{"name":"Hellebæk-3150","value":"720700-6219300","id":null},
	{"name":"Helsinge-3200","value":"698800-6214300","id":null},
	{"name":"Vejby-3210","value":"695300-6218700","id":null},
	{"name":"Tisvildeleje-3220","value":"690800-6215700","id":null},
	{"name":"Græsted-3230","value":"704900-6217700","id":null},
	{"name":"Gilleleje-3250","value":"705100-6222500","id":null},
	{"name":"Frederiksværk-3300","value":"688900-6208900","id":null},
	{"name":"Ølsted-3310","value":"691600-6201300","id":null},
	{"name":"Skævinge-3320","value":"695900-6202200","id":null},
	{"name":"Gørløse-3330","value":"699700-6198600","id":null},
	{"name":"Liseleje-3360","value":"684800-6211600","id":null},
	{"name":"Melby-3370","value":"684500-6209400","id":null},
	{"name":"Hundested-3390","value":"681400-6206800","id":null},
	{"name":"Hillerød-3400","value":"704700-6204200","id":null},
	{"name":"Allerød-3450","value":"708300-6197800","id":null},
	{"name":"Birkerød-3460","value":"713600-6194400","id":null},
	{"name":"Fredensborg-3480","value":"711900-6209100","id":null},
	{"name":"Kvistgård-3490","value":"717500-6212000","id":null},
	{"name":"Værløse-3500","value":"710600-6187200","id":null},
	{"name":"Farum-3520","value":"709500-6191500","id":null},
	{"name":"Lynge-3540","value":"704600-6194800","id":null},
	{"name":"Slangerup-3550","value":"699500-6194000","id":null},
	{"name":"Frederikssund-3600","value":"693200-6192900","id":null},
	{"name":"Jægerspris-3630","value":"685100-6194500","id":null},
	{"name":"Ølstykke-3650","value":"696500-6187600","id":null},
	{"name":"Stenløse-3660","value":"699800-6186600","id":null},
	{"name":"Veksø Sjælland-3670","value":"701600-6183600","id":null},
	{"name":"Rønne-3700","value":"868200-6123800","id":null},
	{"name":"Aakirkeby-3720","value":"876200-6119300","id":null},
	{"name":"Nexø-3730","value":"887400-6117200","id":null},
	{"name":"Svaneke-3740","value":"888200-6126400","id":null},
	{"name":"Østermarie-3751","value":"882800-6126800","id":null},
	{"name":"Gudhjem-3760","value":"876000-6132200","id":null},
	{"name":"Allinge-3770","value":"867400-6139300","id":null},
	{"name":"Klemensker-3782","value":"869500-6131600","id":null},
	{"name":"Hasle-3790","value":"863900-6133500","id":null},
	{"name":"Roskilde-4000","value":"693200-6171300","id":null},
	{"name":"Jyllinge-4040","value":"693800-6183500","id":null},
	{"name":"Skibby-4050","value":"685000-6183600","id":null},
	{"name":"Kirke Såby-4060","value":"680300-6171300","id":null},
	{"name":"Kirke Hyllinge-4070","value":"681700-6177400","id":null},
	{"name":"Ringsted-4100","value":"679700-6148400","id":null},
	{"name":"Ringsted-4105","value":"679700-6148400","id":null},
	{"name":"Ringsted-4129","value":"679700-6148400","id":null},
	{"name":"Viby Sjælland-4130","value":"690200-6159200","id":null},
	{"name":"Borup-4140","value":"686900-6154900","id":null},
	{"name":"Herlufmagle-4160","value":"675000-6135000","id":null},
	{"name":"Glumsø-4171","value":"668900-6139200","id":null},
	{"name":"Fjenneslev-4173","value":"668200-6146700","id":null},
	{"name":"Jystrup Midtsj-4174","value":"680500-6157800","id":null},
	{"name":"Sorø-4180","value":"661600-6147700","id":null},
	{"name":"Munke Bjergby-4190","value":"657900-6153600","id":null},
	{"name":"Slagelse-4200","value":"648300-6142200","id":null},
	{"name":"Korsør-4220","value":"637200-6135500","id":null},
	{"name":"Skælskør-4230","value":"646600-6123400","id":null},
	{"name":"Vemmelev-4241","value":"642400-6137400","id":null},
	{"name":"Boeslunde-4242","value":"643000-6131200","id":null},
	{"name":"Rude-4243","value":"657100-6123400","id":null},
	{"name":"Fuglebjerg-4250","value":"662300-6134000","id":null},
	{"name":"Dalmose-4261","value":"652900-6128700","id":null},
	{"name":"Sandved-4262","value":"652900-6128700","id":null},
	{"name":"Høng-4270","value":"644900-6154100","id":null},
	{"name":"Gørlev-4281","value":"637700-6156600","id":null},
	{"name":"Ruds Vedby-4291","value":"649800-6158800","id":null},
	{"name":"Dianalund-4293","value":"655900-6158800","id":null},
	{"name":"Stenlille-4295","value":"662700-6159400","id":null},
	{"name":"Nyrup-4296","value":"662700-6159400","id":null},
	{"name":"Holbæk-4300","value":"670300-6178300","id":null},
	{"name":"Lejre-4320","value":"686200-6165600","id":null},
	{"name":"Hvalsø-4330","value":"680400-6164500","id":null},
	{"name":"Tølløse-4340","value":"672700-6167800","id":null},
	{"name":"Ugerløse-4350","value":"664600-6165100","id":null},
	{"name":"Kirke Eskilstrup-4360","value":"674500-6162000","id":null},
	{"name":"Store Merløse-4370","value":"671800-6159500","id":null},
	{"name":"Vipperød-4390","value":"672500-6172800","id":null},
	{"name":"Kalundborg-4400","value":"629900-6172000","id":null},
	{"name":"Regstrup-4420","value":"662500-6172800","id":null},
	{"name":"Mørkøv-4440","value":"656900-6169200","id":null},
	{"name":"Jyderup-4450","value":"650000-6169900","id":null},
	{"name":"Snertinge-4460","value":"649000-6176800","id":null},
	{"name":"Svebølle-4470","value":"646300-6168100","id":null},
	{"name":"Store Fuglede-4480","value":"638700-6160600","id":null},
	{"name":"Jerslev Sjælland-4490","value":"640700-6165100","id":null},
	{"name":"Nykøbing Sj-4500","value":"661600-6197000","id":null},
	{"name":"Svinninge-4520","value":"655300-6180100","id":null},
	{"name":"Gislinge-4532","value":"660900-6181100","id":null},
	{"name":"Hørve-4534","value":"651700-6182200","id":null},
	{"name":"Fårevejle-4540","value":"652500-6188100","id":null},
	{"name":"Asnæs-4550","value":"656200-6188400","id":null},
	{"name":"Vig-4560","value":"663500-6192100","id":null},
	{"name":"Grevinge-4571","value":"662200-6187500","id":null},
	{"name":"Nørre Asmindrup-4572","value":"662700-6195900","id":null},
	{"name":"Højby-4573","value":"660600-6199000","id":null},
	{"name":"Rørvig-4581","value":"671600-6204500","id":null},
	{"name":"Sjællands Odde-4583","value":"646800-6206700","id":null},
	{"name":"Føllenslev-4591","value":"646600-6178600","id":null},
	{"name":"Sejerø-4592","value":"634200-6195800","id":null},
	{"name":"Eskebjerg-4593","value":"639900-6177100","id":null},
	{"name":"Køge-4600","value":"699700-6148800","id":null},
	{"name":"Gadstrup-4621","value":"695800-6162800","id":null},
	{"name":"Havdrup-4622","value":"697300-6160300","id":null},
	{"name":"Lille Skensved-4623","value":"696700-6156200","id":null},
	{"name":"Bjæverskov-4632","value":"692000-6149400","id":null},
	{"name":"Faxe-4640","value":"700700-6124600","id":null},
	{"name":"Hårlev-4652","value":"703000-6138000","id":null},
	{"name":"Karise-4653","value":"702000-6134100","id":null},
	{"name":"Faxe Ladeplads-4654","value":"700100-6123600","id":null},
	{"name":"Store Heddinge-4660","value":"712600-6134900","id":null},
	{"name":"Strøby-4671","value":"708100-6143100","id":null},
	{"name":"Klippinge-4672","value":"710900-6140300","id":null},
	{"name":"Rødvig Stevns-4673","value":"713300-6129400","id":null},
	{"name":"Herfølge-4681","value":"696900-6145100","id":null},
	{"name":"Tureby-4682","value":"694500-6140100","id":null},
	{"name":"Rønnede-4683","value":"691500-6126700","id":null},
	{"name":"Holmegaard-4684","value":"683700-6127500","id":null},
	{"name":"Haslev-4690","value":"687300-6135700","id":null},
	{"name":"Næstved-4700","value":"673300-6124300","id":null},
	{"name":"Præstø-4720","value":"694400-6112200","id":null},
	{"name":"Tappernøje-4733","value":"689100-6119000","id":null},
	{"name":"Mern-4735","value":"695200-6105200","id":null},
	{"name":"Karrebæksminde-4736","value":"668700-6118400","id":null},
	{"name":"Lundby-4750","value":"680800-6111700","id":null},
	{"name":"Vordingborg-4760","value":"679200-6101800","id":null},
	{"name":"Kalvehave-4771","value":"700200-6100900","id":null},
	{"name":"Langebæk-4772","value":"696700-6098900","id":null},
	{"name":"Stensved-4773","value":"694300-6097700","id":null},
	{"name":"Stege-4780","value":"708700-6097400","id":null},
	{"name":"Borre-4791","value":"721900-6098600","id":null},
	{"name":"Askeby-4792","value":"702400-6089700","id":null},
	{"name":"Bogø By-4793","value":"693400-6091700","id":null},
	{"name":"Nykøbing F-4800","value":"688600-6074700","id":null},
	{"name":"Nørre Alslev-4840","value":"681200-6088100","id":null},
	{"name":"Stubbekøbing-4850","value":"694500-6085600","id":null},
	{"name":"Guldborg-4862","value":"673700-6082900","id":null},
	{"name":"Eskilstrup-4863","value":"685200-6082800","id":null},
	{"name":"Horbelev-4871","value":"696000-6079700","id":null},
	{"name":"Idestrup-4872","value":"691200-6069200","id":null},
	{"name":"Væggerløse-4873","value":"687600-6064600","id":null},
	{"name":"Gedser-4874","value":"687600-6055700","id":null},
	{"name":"Nysted-4880","value":"675800-6064300","id":null},
	{"name":"Toreby L-4891","value":"677800-6071900","id":null},
	{"name":"Kettinge-4892","value":"677200-6065800","id":null},
	{"name":"Øster Ulslev-4894","value":"667300-6064800","id":null},
	{"name":"Errindlev-4895","value":"661600-6060300","id":null},
	{"name":"Nakskov-4900","value":"634300-6079400","id":null},
	{"name":"Harpelunde-4912","value":"631700-6084500","id":null},
	{"name":"Horslunde-4913","value":"641200-6088400","id":null},
	{"name":"Søllested-4920","value":"646800-6075100","id":null},
	{"name":"Maribo-4930","value":"657700-6077500","id":null},
	{"name":"Bandholm-4941","value":"657700-6077500","id":null},
	{"name":"Torrig L-4943","value":"647200-6086900","id":null},
	{"name":"Fejø-4944","value":"653800-6091600","id":null},
	{"name":"Nørreballe-4951","value":"655000-6077100","id":null},
	{"name":"Stokkemarke-4952","value":"651200-6080500","id":null},
	{"name":"Vesterborg-4953","value":"647500-6082400","id":null},
	{"name":"Holeby-4960","value":"660700-6063900","id":null},
	{"name":"Rødby-4970","value":"653600-6062800","id":null},
	{"name":"Dannemare-4983","value":"640600-6070200","id":null},
	{"name":"Sakskøbing-4990","value":"670600-6075500","id":null},
	{"name":"Odense C-5000","value":"587700-6140700","id":null},
	{"name":"Odense V-5200","value":"582600-6139600","id":null},
	{"name":"Odense NV-5210","value":"581500-6142400","id":null},
	{"name":"Odense SØ-5220","value":"594500-6135900","id":null},
	{"name":"Odense M-5230","value":"588700-6136800","id":null},
	{"name":"Odense NØ-5240","value":"592200-6142500","id":null},
	{"name":"Odense SV-5250","value":"582600-6134400","id":null},
	{"name":"Odense S-5260","value":"586500-6132300","id":null},
	{"name":"Odense N-5270","value":"584800-6145200","id":null},
	{"name":"Marslev-5290","value":"596500-6140000","id":null},
	{"name":"Kerteminde-5300","value":"603400-6146300","id":null},
	{"name":"Agedrup-5320","value":"594000-6143900","id":null},
	{"name":"Munkebo-5330","value":"596800-6145800","id":null},
	{"name":"Rynkeby-5350","value":"601500-6140500","id":null},
	{"name":"Mesinge-5370","value":"602800-6151900","id":null},
	{"name":"Dalby-5380","value":"607100-6153200","id":null},
	{"name":"Martofte-5390","value":"603000-6159900","id":null},
	{"name":"Bogense-5400","value":"571200-6157400","id":null},
	{"name":"Otterup-5450","value":"589200-6156500","id":null},
	{"name":"Morud-5462","value":"575000-6143700","id":null},
	{"name":"Harndrup-5463","value":"564900-6146300","id":null},
	{"name":"Brenderup Fyn-5464","value":"562300-6150100","id":null},
	{"name":"Asperup-5466","value":"556400-6150500","id":null},
	{"name":"Søndersø-5471","value":"573900-6150300","id":null},
	{"name":"Veflinge-5474","value":"571900-6146600","id":null},
	{"name":"Skamby-5485","value":"580400-6155700","id":null},
	{"name":"Blommenslyst-5491","value":"578600-6138300","id":null},
	{"name":"Vissenbjerg-5492","value":"571700-6139400","id":null},
	{"name":"Middelfart-5500","value":"548000-6150900","id":null},
	{"name":"Ullerslev-5540","value":"605700-6136900","id":null},
	{"name":"Langeskov-5550","value":"599900-6135700","id":null},
	{"name":"Aarup-5560","value":"565400-6138300","id":null},
	{"name":"Nørre Aaby-5580","value":"551800-6143800","id":null},
	{"name":"Gelsted-5591","value":"559800-6139200","id":null},
	{"name":"Ejby-5592","value":"555700-6140000","id":null},
	{"name":"Faaborg-5600","value":"578900-6107000","id":null},
	{"name":"Assens-5610","value":"558000-6126700","id":null},
	{"name":"Glamsbjerg-5620","value":"569100-6127000","id":null},
	{"name":"Ebberup-5631","value":"563600-6113700","id":null},
	{"name":"Millinge-5642","value":"572900-6111700","id":null},
	{"name":"Broby-5672","value":"580100-6120400","id":null},
	{"name":"Haarby-5683","value":"569900-6118200","id":null},
	{"name":"Tommerup-5690","value":"576700-6130600","id":null},
	{"name":"Svendborg-5700","value":"597600-6100500","id":null},
	{"name":"Ringe-5750","value":"590900-6120600","id":null},
	{"name":"Vester Skerninge-5762","value":"592500-6104200","id":null},
	{"name":"Stenstrup-5771","value":"595400-6109900","id":null},
	{"name":"Kværndrup-5772","value":"597300-6116700","id":null},
	{"name":"Årslev-5792","value":"591400-6128700","id":null},
	{"name":"Nyborg-5800","value":"610000-6133000","id":null},
	{"name":"Ørbæk-5853","value":"603000-6123000","id":null},
	{"name":"Gislev-5854","value":"601400-6119600","id":null},
	{"name":"Ryslinge-5856","value":"598400-6123000","id":null},
	{"name":"Ferritslev Fyn-5863","value":"601700-6130700","id":null},
	{"name":"Frørup-5871","value":"613200-6122400","id":null},
	{"name":"Hesselager-5874","value":"610400-6115100","id":null},
	{"name":"Skårup Fyn-5881","value":"607600-6105700","id":null},
	{"name":"Vejstrup-5882","value":"607200-6108200","id":null},
	{"name":"Oure-5883","value":"609000-6110000","id":null},
	{"name":"Gudme-5884","value":"608200-6113500","id":null},
	{"name":"Gudbjerg Sydfyn-5892","value":"603800-6113700","id":null},
	{"name":"Rudkøbing-5900","value":"609100-6085100","id":null},
	{"name":"Humble-5932","value":"607800-6075600","id":null},
	{"name":"Bagenkop-5935","value":"608700-6068200","id":null},
	{"name":"Tranekær-5953","value":"617300-6102400","id":null},
	{"name":"Marstal-5960","value":"595000-6083500","id":null},
	{"name":"Ærøskøbing-5970","value":"587000-6080800","id":null},
	{"name":"Søby Ærø-5985","value":"580800-6088700","id":null},
	{"name":"Kolding-6000","value":"530200-6149200","id":null},
	{"name":"Egtved-6040","value":"521500-6161800","id":null},
	{"name":"Almind-6051","value":"530800-6156900","id":null},
	{"name":"Viuf-6052","value":"531100-6162000","id":null},
	{"name":"Jordrup-6064","value":"519600-6155800","id":null},
	{"name":"Christiansfeld-6070","value":"528500-6135500","id":null},
	{"name":"Bjert-6091","value":"535300-6145700","id":null},
	{"name":"Sønder Stenderup-6092","value":"540000-6146400","id":null},
	{"name":"Sjølund-6093","value":"534500-6139900","id":null},
	{"name":"Hejls-6094","value":"536900-6137100","id":null},
	{"name":"Haderslev-6100","value":"536800-6121900","id":null},
	{"name":"Aabenraa-6200","value":"528500-6098200","id":null},
	{"name":"Rødekro-6230","value":"516600-6104300","id":null},
	{"name":"Løgumkloster-6240","value":"500000-6100700","id":null},
	{"name":"Bredebro-6261","value":"483700-6103300","id":null},
	{"name":"Tønder-6270","value":"492800-6090200","id":null},
	{"name":"Højer-6280","value":"482200-6091600","id":null},
	{"name":"Gråsten-6300","value":"531900-6084900","id":null},
	{"name":"Broager-6310","value":"544000-6081500","id":null},
	{"name":"Egernsund-6320","value":"539500-6084300","id":null},
	{"name":"Padborg-6330","value":"521100-6079700","id":null},
	{"name":"Kruså-6340","value":"526700-6079000","id":null},
	{"name":"Tinglev-6360","value":"514800-6086400","id":null},
	{"name":"Bylderup-Bov-6372","value":"506900-6090700","id":null},
	{"name":"Bolderslev-6392","value":"516600-6094200","id":null},
	{"name":"Sønderborg-6400","value":"548800-6089900","id":null},
	{"name":"Nordborg-6430","value":"550300-6098100","id":null},
	{"name":"Augustenborg-6440","value":"559100-6092700","id":null},
	{"name":"Sydals-6470","value":"561500-6084400","id":null},
	{"name":"Vojens-6500","value":"515600-6119500","id":null},
	{"name":"Gram-6510","value":"500000-6124700","id":null},
	{"name":"Toftlund-6520","value":"500900-6115400","id":null},
	{"name":"Agerskov-6534","value":"510500-6109600","id":null},
	{"name":"Branderup J-6535","value":"503600-6107500","id":null},
	{"name":"Bevtoft-6541","value":"511900-6116200","id":null},
	{"name":"Sommersted-6560","value":"516900-6132800","id":null},
	{"name":"Vamdrup-6580","value":"520600-6141000","id":null},
	{"name":"Vejen-6600","value":"508900-6149500","id":null},
	{"name":"Gesten-6621","value":"512800-6154500","id":null},
	{"name":"Bække-6622","value":"509200-6158800","id":null},
	{"name":"Vorbasse-6623","value":"505000-6166700","id":null},
	{"name":"Rødding-6630","value":"503800-6133900","id":null},
	{"name":"Lunderskov-6640","value":"519900-6149300","id":null},
	{"name":"Brørup-6650","value":"501000-6152700","id":null},
	{"name":"Lintrup-6660","value":"498500-6139900","id":null},
	{"name":"Holsted-6670","value":"493800-6152100","id":null},
	{"name":"Hovborg-6682","value":"496700-6161400","id":null},
	{"name":"Føvling-6683","value":"494500-6143100","id":null},
	{"name":"Gørding-6690","value":"488500-6146700","id":null},
	{"name":"Esbjerg-6700","value":"465500-6147800","id":null},
	{"name":"Esbjerg-6701","value":"465500-6147800","id":null},
	{"name":"Esbjerg Ø-6705","value":"471300-6149700","id":null},
	{"name":"Esbjerg V-6710","value":"459900-6155000","id":null},
	{"name":"Esbjerg N-6715","value":"469000-6154900","id":null},
	{"name":"Fanø-6720","value":"461400-6140400","id":null},
	{"name":"Tjæreborg-6731","value":"474500-6146600","id":null},
	{"name":"Bramming-6740","value":"483100-6148200","id":null},
	{"name":"Glejbjerg-6752","value":"490500-6157500","id":null},
	{"name":"Agerbæk-6753","value":"488500-6162000","id":null},
	{"name":"Ribe-6760","value":"482700-6129800","id":null},
	{"name":"Gredstedbro-6771","value":"483700-6140000","id":null},
	{"name":"Skærbæk-6780","value":"486700-6113100","id":null},
	{"name":"Rømø-6792","value":"468400-6104800","id":null},
	{"name":"Varde-6800","value":"472700-6169700","id":null},
	{"name":"Årre-6818","value":"478600-6158000","id":null},
	{"name":"Ansager-6823","value":"484300-6175300","id":null},
	{"name":"Nørre Nebel-6830","value":"456800-6185600","id":null},
	{"name":"Oksbøl-6840","value":"450400-6166100","id":null},
	{"name":"Janderup Vestj-6851","value":"461300-6165400","id":null},
	{"name":"Billum-6852","value":"457000-6163600","id":null},
	{"name":"Vejers Strand-6853","value":"457000-6163600","id":null},
	{"name":"Henne-6854","value":"452100-6174800","id":null},
	{"name":"Outrup-6855","value":"461600-6173900","id":null},
	{"name":"Blåvand-6857","value":"448800-6154600","id":null},
	{"name":"Tistrup-6862","value":"476900-6174000","id":null},
	{"name":"Ølgod-6870","value":"477000-6183700","id":null},
	{"name":"Tarm-6880","value":"474300-6190000","id":null},
	{"name":"Hemmet-6893","value":"460300-6188800","id":null},
	{"name":"Skjern-6900","value":"470800-6203700","id":null},
	{"name":"Videbæk-6920","value":"480400-6212300","id":null},
	{"name":"Kibæk-6933","value":"492400-6204900","id":null},
	{"name":"Lem St-6940","value":"463300-6210500","id":null},
	{"name":"Ringkøbing-6950","value":"455300-6216800","id":null},
	{"name":"Hvide Sande-6960","value":"446600-6201000","id":null},
	{"name":"Spjald-6971","value":"467500-6221200","id":null},
	{"name":"Ørnhøj-6973","value":"471500-6227500","id":null},
	{"name":"Tim-6980","value":"456700-6228100","id":null},
	{"name":"Ulfborg-6990","value":"457700-6236900","id":null},
	{"name":"Fredericia-7000","value":"543100-6159300","id":null},
	{"name":"Fredericia-7007","value":"543100-6159300","id":null},
	{"name":"Fredericia-7029","value":"543100-6159300","id":null},
	{"name":"Børkop-7080","value":"541200-6167700","id":null},
	{"name":"Vejle-7100","value":"530200-6174500","id":null},
	{"name":"Vejle Øst-7120","value":"538700-6176100","id":null},
	{"name":"Juelsminde-7130","value":"561700-6177600","id":null},
	{"name":"Stouby-7140","value":"549500-6173800","id":null},
	{"name":"Barrit-7150","value":"556200-6174000","id":null},
	{"name":"Tørring-7160","value":"531200-6190600","id":null},
	{"name":"Uldum-7171","value":"536800-6188400","id":null},
	{"name":"Vonge-7173","value":"526000-6191000","id":null},
	{"name":"Bredsten-7182","value":"522300-6173000","id":null},
	{"name":"Randbøl-7183","value":"514800-6170800","id":null},
	{"name":"Vandel-7184","value":"511300-6174000","id":null},
	{"name":"Billund-7190","value":"505600-6176700","id":null},
	{"name":"Grindsted-7200","value":"494900-6175500","id":null},
	{"name":"Hejnsvig-7250","value":"499200-6169900","id":null},
	{"name":"Sønder Omme-7260","value":"493200-6188500","id":null},
	{"name":"Stakroge-7270","value":"489700-6194200","id":null},
	{"name":"Sønder Felding-7280","value":"487700-6199200","id":null},
	{"name":"Jelling-7300","value":"526200-6181700","id":null},
	{"name":"Gadbjerg-7321","value":"517200-6179900","id":null},
	{"name":"Give-7323","value":"514200-6190000","id":null},
	{"name":"Brande-7330","value":"505500-6198300","id":null},
	{"name":"Ejstrupholm-7361","value":"516900-6206100","id":null},
	{"name":"Hampen-7362","value":"523500-6211300","id":null},
	{"name":"Herning-7400","value":"498500-6220800","id":null},
	{"name":"Herning-7401","value":"498500-6220800","id":null},
	{"name":"Herning-7429","value":"498500-6220800","id":null},
	{"name":"Ikast-7430","value":"512300-6220600","id":null},
	{"name":"Bording-7441","value":"516900-6225500","id":null},
	{"name":"Engesvang-7442","value":"518700-6227700","id":null},
	{"name":"Sunds-7451","value":"501800-6231300","id":null},
	{"name":"Karup J-7470","value":"510200-6240800","id":null},
	{"name":"Vildbjerg-7480","value":"484300-6225700","id":null},
	{"name":"Aulum-7490","value":"489100-6238300","id":null},
	{"name":"Holstebro-7500","value":"479000-6243200","id":null},
	{"name":"Haderup-7540","value":"499300-6244100","id":null},
	{"name":"Sørvad-7550","value":"479200-6233800","id":null},
	{"name":"Hjerm-7560","value":"478100-6254800","id":null},
	{"name":"Vemb-7570","value":"458300-6246300","id":null},
	{"name":"Struer-7600","value":"471900-6261500","id":null},
	{"name":"Lemvig-7620","value":"457300-6264900","id":null},
	{"name":"Bøvlingbjerg-7650","value":"450700-6253500","id":null},
	{"name":"Bækmarksbro-7660","value":"458800-6253200","id":null},
	{"name":"Harboøre-7673","value":"449900-6274400","id":null},
	{"name":"Thyborøn-7680","value":"451700-6283200","id":null},
	{"name":"Thisted-7700","value":"479000-6314900","id":null},
	{"name":"Hanstholm-7730","value":"480600-6328000","id":null},
	{"name":"Frøstrup-7741","value":"496100-6328700","id":null},
	{"name":"Vesløs-7742","value":"499100-6319000","id":null},
	{"name":"Snedsted-7752","value":"468000-6303500","id":null},
	{"name":"Bedsted Thy-7755","value":"463300-6299500","id":null},
	{"name":"Hurup Thy-7760","value":"464500-6286900","id":null},
	{"name":"Vestervig-7770","value":"457300-6291600","id":null},
	{"name":"Thyholm-7790","value":"471000-6276400","id":null},
	{"name":"Skive-7800","value":"497600-6264500","id":null},
	{"name":"Vinderup-7830","value":"488900-6258100","id":null},
	{"name":"Højslev-7840","value":"511200-6270900","id":null},
	{"name":"Stoholm Jyll-7850","value":"507300-6259100","id":null},
	{"name":"Spøttrup-7860","value":"507300-6259100","id":null},
	{"name":"Roslev-7870","value":"500000-6285600","id":null},
	{"name":"Fur-7884","value":"501200-6297700","id":null},
	{"name":"Nykøbing M-7900","value":"486100-6300300","id":null},
	{"name":"Erslev-7950","value":"482200-6300400","id":null},
	{"name":"Karby-7960","value":"474600-6289200","id":null},
	{"name":"Redsted M-7970","value":"478600-6288400","id":null},
	{"name":"Vils-7980","value":"483400-6289600","id":null},
	{"name":"Øster Assels-7990","value":"482000-6284200","id":null},
	{"name":"Århus C-8000","value":"574300-6223000","id":null},
	{"name":"Århus C-8100","value":"574300-6223000","id":null},
	{"name":"Århus N-8200","value":"572200-6228900","id":null},
	{"name":"Århus V-8210","value":"571200-6225300","id":null},
	{"name":"Brabrand-8220","value":"567200-6223800","id":null},
	{"name":"Risskov Ø-8229","value":"567200-6223800","id":null},
	{"name":"Åbyhøj-8230","value":"571700-6223200","id":null},
	{"name":"Risskov-8240","value":"576900-6228000","id":null},
	{"name":"Risskov Ø-8245","value":"576900-6228000","id":null},
	{"name":"Egå-8250","value":"580100-6231400","id":null},
	{"name":"Viby J-8260","value":"568800-6220500","id":null},
	{"name":"Højbjerg-8270","value":"574500-6218300","id":null},
	{"name":"Odder-8300","value":"571600-6199100","id":null},
	{"name":"Samsø-8305","value":"599800-6190000","id":null},
	{"name":"Tranbjerg J-8310","value":"570200-6215900","id":null},
	{"name":"Mårslet-8320","value":"572500-6214200","id":null},
	{"name":"Beder-8330","value":"576400-6213400","id":null},
	{"name":"Malling-8340","value":"574100-6209900","id":null},
	{"name":"Hundslund-8350","value":"566100-6197400","id":null},
	{"name":"Solbjerg-8355","value":"567600-6209800","id":null},
	{"name":"Hasselager-8361","value":"567500-6217300","id":null},
	{"name":"Hørning-8362","value":"563100-6215700","id":null},
	{"name":"Hadsten-8370","value":"566500-6243400","id":null},
	{"name":"Trige-8380","value":"571200-6235400","id":null},
	{"name":"Tilst-8381","value":"567200-6228100","id":null},
	{"name":"Hinnerup-8382","value":"564200-6234600","id":null},
	{"name":"Ebeltoft-8400","value":"603700-6233100","id":null},
	{"name":"Rønde-8410","value":"593600-6242100","id":null},
	{"name":"Knebel-8420","value":"590200-6226400","id":null},
	{"name":"Balle-8444","value":"610500-6242600","id":null},
	{"name":"Hammel-8450","value":"553900-6235700","id":null},
	{"name":"Harlev J-8462","value":"561600-6222300","id":null},
	{"name":"Galten-8464","value":"557100-6223800","id":null},
	{"name":"Sabro-8471","value":"560800-6229700","id":null},
	{"name":"Sporup-8472","value":"551500-6229200","id":null},
	{"name":"Grenaa-8500","value":"613000-6255300","id":null},
	{"name":"Lystrup-8520","value":"575300-6232800","id":null},
	{"name":"Hjortshøj-8530","value":"576100-6237700","id":null},
	{"name":"Skødstrup-8541","value":"581200-6236700","id":null},
	{"name":"Hornslet-8543","value":"578000-6243000","id":null},
	{"name":"Mørke-8544","value":"580900-6246000","id":null},
	{"name":"Ryomgård-8550","value":"590500-6248700","id":null},
	{"name":"Kolind-8560","value":"600600-6246300","id":null},
	{"name":"Trustrup-8570","value":"608600-6247200","id":null},
	{"name":"Nimtofte-8581","value":"597400-6254600","id":null},
	{"name":"Glesborg-8585","value":"602900-6262100","id":null},
	{"name":"Ørum Djurs-8586","value":"602000-6256200","id":null},
	{"name":"Anholt-8592","value":"658500-6288200","id":null},
	{"name":"Silkeborg-8600","value":"535100-6226400","id":null},
	{"name":"Kjellerup-8620","value":"525500-6237300","id":null},
	{"name":"Lemming-8632","value":"533000-6232200","id":null},
	{"name":"Sorring-8641","value":"549500-6226000","id":null},
	{"name":"Ans By-8643","value":"537700-6238300","id":null},
	{"name":"Them-8653","value":"532300-6215000","id":null},
	{"name":"Bryrup-8654","value":"531600-6207900","id":null},
	{"name":"Skanderborg-8660","value":"553800-6211400","id":null},
	{"name":"Låsby-8670","value":"550100-6222600","id":null},
	{"name":"Ry-8680","value":"546100-6216100","id":null},
	{"name":"Horsens-8700","value":"554100-6191200","id":null},
	{"name":"Daugård-8721","value":"544300-6175700","id":null},
	{"name":"Hedensted-8722","value":"543600-6180300","id":null},
	{"name":"Løsning-8723","value":"543100-6185300","id":null},
	{"name":"Hovedgård-8732","value":"559700-6201500","id":null},
	{"name":"Brædstrup-8740","value":"537300-6204900","id":null},
	{"name":"Gedved-8751","value":"553800-6200300","id":null},
	{"name":"Østbirk-8752","value":"546700-6203500","id":null},
	{"name":"Flemming-8762","value":"542900-6191600","id":null},
	{"name":"Rask Mølle-8763","value":"537900-6193800","id":null},
	{"name":"Klovborg-8765","value":"531900-6198600","id":null},
	{"name":"Nørre Snede-8766","value":"525900-6202200","id":null},
	{"name":"Stenderup-8781","value":"550800-6183600","id":null},
	{"name":"Hornsyld-8783","value":"552500-6180400","id":null},
	{"name":"Viborg-8800","value":"522900-6256000","id":null},
	{"name":"Tjele-8830","value":"541500-6262400","id":null},
	{"name":"Løgstrup-8831","value":"541500-6262400","id":null},
	{"name":"Skals-8832","value":"523700-6273100","id":null},
	{"name":"Rødkærsbro-8840","value":"531200-6244100","id":null},
	{"name":"Bjerringbro-8850","value":"539800-6248800","id":null},
	{"name":"Ulstrup-8860","value":"548500-6249300","id":null},
	{"name":"Langå-8870","value":"555900-6248000","id":null},
	{"name":"Thorsø-8881","value":"547900-6240400","id":null},
	{"name":"Fårvang-8882","value":"544400-6236600","id":null},
	{"name":"Gjern-8883","value":"545700-6231000","id":null},
	{"name":"Randers-8900","value":"561500-6258100","id":null},
	{"name":"Randers NV-8920","value":"561500-6258100","id":null},
	{"name":"Ørsted-8950","value":"581900-6266800","id":null},
	{"name":"Allingåbro-8961","value":"587700-6259400","id":null},
	{"name":"Auning-8963","value":"585500-6254400","id":null},
	{"name":"Havndal-8970","value":"575400-6277300","id":null},
	{"name":"Spentrup-8981","value":"564200-6267500","id":null},
	{"name":"Gjerlev J-8983","value":"569400-6271300","id":null},
	{"name":"Fårup-8990","value":"553000-6267700","id":null},
	{"name":"Aalborg-9000","value":"552700-6322400","id":null},
	{"name":"Aalborg SV-9200","value":"552100-6318400","id":null},
	{"name":"Aalborg SØ-9210","value":"556700-6317900","id":null},
	{"name":"Aalborg Øst-9220","value":"561900-6322000","id":null},
	{"name":"Svenstrup J-9230","value":"552600-6312200","id":null},
	{"name":"Nibe-9240","value":"536300-6310700","id":null},
	{"name":"Gistrup-9260","value":"561300-6311500","id":null},
	{"name":"Klarup-9270","value":"564700-6319500","id":null},
	{"name":"Storvorde-9280","value":"571200-6310700","id":null},
	{"name":"Kongerslev-9293","value":"567700-6305400","id":null},
	{"name":"Sæby-9300","value":"587500-6349300","id":null},
	{"name":"Vodskov-9310","value":"567100-6329300","id":null},
	{"name":"Hjallerup-9320","value":"569400-6337800","id":null},
	{"name":"Dronninglund-9330","value":"580600-6338100","id":null},
	{"name":"Asaa-9340","value":"584500-6333700","id":null},
	{"name":"Dybvad-9352","value":"580300-6348200","id":null},
	{"name":"Gandrup-9362","value":"572700-6324000","id":null},
	{"name":"Hals-9370","value":"579200-6323200","id":null},
	{"name":"Vestbjerg-9380","value":"558900-6336400","id":null},
	{"name":"Sulsted-9381","value":"558900-6336400","id":null},
	{"name":"Tylstrup-9382","value":"553100-6340200","id":null},
	{"name":"Nørresundby-9400","value":"556200-6328000","id":null},
	{"name":"Vadum-9430","value":"552000-6333200","id":null},
	{"name":"Aabybro-9440","value":"544100-6334600","id":null},
	{"name":"Brovst-9460","value":"531800-6330900","id":null},
	{"name":"Løkken-9480","value":"546400-6358600","id":null},
	{"name":"Pandrup-9490","value":"537300-6341100","id":null},
	{"name":"Blokhus-9492","value":"536200-6345700","id":null},
	{"name":"Saltum-9493","value":"541500-6347000","id":null},
	{"name":"Hobro-9500","value":"547300-6276000","id":null},
	{"name":"Arden-9510","value":"551400-6291700","id":null},
	{"name":"Skørping-9520","value":"555000-6300400","id":null},
	{"name":"Støvring-9530","value":"550700-6305800","id":null},
	{"name":"Suldrup-9541","value":"541800-6300400","id":null},
	{"name":"Mariager-9550","value":"560700-6276500","id":null},
	{"name":"Hadsund-9560","value":"570300-6291700","id":null},
	{"name":"Bælum-9574","value":"569300-6298400","id":null},
	{"name":"Terndrup-9575","value":"564200-6295100","id":null},
	{"name":"Aars-9600","value":"529200-6297100","id":null},
	{"name":"Nørager-9610","value":"539200-6286500","id":null},
	{"name":"Aalestrup-9620","value":"530400-6282300","id":null},
	{"name":"Gedsted-9631","value":"522400-6283200","id":null},
	{"name":"Møldrup-9632","value":"531000-6272600","id":null},
	{"name":"Farsø-9640","value":"517800-6292900","id":null},
	{"name":"Løgstør-9670","value":"518900-6310200","id":null},
	{"name":"Ranum-9681","value":"510400-6305600","id":null},
	{"name":"Fjerritslev-9690","value":"514500-6327500","id":null},
	{"name":"Brønderslev-9700","value":"556000-6347400","id":null},
	{"name":"Jerslev J-9740","value":"568300-6350000","id":null},
	{"name":"Østervrå-9750","value":"576500-6355100","id":null},
	{"name":"Vrå-9760","value":"557500-6357400","id":null},
	{"name":"Hjørring-9800","value":"558300-6372200","id":null},
	{"name":"Tårs-9830","value":"569500-6359000","id":null},
	{"name":"Hirtshals-9850","value":"558100-6379000","id":null},
	{"name":"Sindal-9870","value":"575900-6369400","id":null},
	{"name":"Bindslev-9881","value":"574400-6380300","id":null},
	{"name":"Frederikshavn-9900","value":"588500-6366400","id":null},
	{"name":"Læsø-9940","value":"622000-6347900","id":null},
	{"name":"Strandby-9970","value":"589000-6373200","id":null},
	{"name":"Jerup-9981","value":"585700-6376900","id":null},
	{"name":"Ålbæk-9982","value":"582400-6384600","id":null},
	{"name":"Skagen-9990","value":"589800-6395800","id":null}
]