[
  {
    "name":"strFIELD_TYPE-9",
    "value":"",
    "id":0,
  },
  {
    "name":"strFIELD_TYPE1",
    "value":"",
    "id":1,
  },
  {
    "name":"strFIELD_TYPE2",
    "value":"",
    "id":2,
  },
  {
    "name":"strFIELD_TYPE3",
    "value":"",
    "id":3,
  },
  {
    "name":"strFIELD_TYPE4",
    "value":"",
    "id":4,
  },
  {
    "name":"strFIELD_TYPE5",
    "value":"",
    "id":5,
  },
  {
    "name":"strFIELD_TYPE6",
    "value":"",
    "id":6,
  },
  {
    "name":"strFIELD_TYPE7",
    "value":"",
    "id":7,
  },
  {
    "name":"strFIELD_TYPE8",
    "value":"",
    "id":8,
  },
 ]