[
  {
    "name":"N/A",
    "value":"",
    "id":-9,
  },
  {
    "name":"strATTACKCODE01",
    "value":"",
    "id":1,
  },
  {
    "name":"strATTACKCODE02",
    "value":"",
    "id":2,
  },
  {
    "name":"strATTACKCODE03",
    "value":"",
    "id":3,
  },
  {
    "name":"strATTACKCODE04",
    "value":"",
    "id":4,
  },
  {
    "name":"strATTACKCODE05",
    "value":"",
    "id":5,
  },
  {
    "name":"strATTACKCODE06",
    "value":"",
    "id":6,
  },
  {
    "name":"strATTACKCODE07",
    "value":"",
    "id":7,
  },
  {
    "name":"strATTACKCODE08",
    "value":"",
    "id":8,
  },
 ]