[
  {
    "name":"N/A",
    "value":"",
    "id":-9
  },
  {
    "name":"strBBCH00",
    "value":"",
    "id":0
  },
  {
    "name":"strBBCH01",
    "value":"",
    "id":1
  },
  {
    "name":"strBBCH10",
    "value":"",
    "id":10
  },
  {
    "name":"strBBCH15",
    "value":"",
    "id":15
  },
  {
    "name":"strBBCH21",
    "value":"",
    "id":21
  },
  {
    "name":"strBBCH25",
    "value":"",
    "id":25
  },
  {
    "name":"strBBCH30",
    "value":"",
    "id":30
  },
  {
    "name":"strBBCH31",
    "value":"",
    "id":31
  },
  {
    "name":"strBBCH33",
    "value":"",
    "id":33
  },
  {
    "name":"strBBCH35",
    "value":"",
    "id":35
  },
  {
    "name":"strBBCH37",
    "value":"",
    "id":37
  },
  {
    "name":"strBBCH39",
    "value":"",
    "id":39
  },
  {
    "name":"strBBCH51",
    "value":"",
    "id":51
  },
  {
    "name":"strBBCH55",
    "value":"",
    "id":55
  },
  {
    "name":"strBBCH59",
    "value":"",
    "id":59
  },
  {
    "name":"strBBCH61",
    "value":"",
    "id":61
  },
  {
    "name":"strBBCH63",
    "value":"",
    "id":63
  },
  {
    "name":"strBBCH65",
    "value":"",
    "id":65
  },
  {
    "name":"strBBCH67",
    "value":"",
    "id":67
  },
  {
    "name":"strBBCH69",
    "value":"",
    "id":69
  },
 ]